{"closedwithrunningdownloads":false,"delaywritemode":"AUTO","maxdownloadsperhostenabled":false,"dupemanagerenabled":true,"savelinkgrabberlistenabled":true,"forcemirrordetectioncaseinsensitive":true,"preferbouncycastlefortls":false,"keepxoldlists":5,"autostartdownloadoption":"ONLY_IF_EXIT_WITH_RUNNING_DOWNLOADS","downloaddestinationhistorylength":25,"useavailableaccounts":true,"cleanupfilenames":true,"defaultdownloadfolder":"/content/drive/Shared drives/IsmMirror/","downloadspeedlimitenabled":false,"downloadspeedlimitrememberedenabled":true,"autosortchildrenenabled":true}